{
  "description": "Làm chủ Docker để chinh phục DevOps",
  "price": 2000000,
  "code": "tedu-421x",
  "title": "Làm chủ Docker để chinh phục DevOps",
  "content": "<p>Docker là một nền tảng để xây dựng (build), chạy (running) và vận chuyển (shipping) các ứng dụng một cách dễ dàng và linh hoạt. Đó là lý do tại sao hầu hết các công ty sử dụng nó và đang tìm kiếm các kỹ sư phần mềm hoặc DevOps có kỹ năng Docker.<p>",
  "releasedDate": "2021-06-13T06:01:51.144Z",
  "tags": ["devops", "software"],
  "author": {
    "firstName": "Kiet",
    "lastName": "Pham"
  }
}
